<NotepadPlus>
    <Session activeView="0">
        <mainView activeIndex="2">
            <File firstVisibleLine="0" xOffset="0" scrollWidth="1" startPos="794" endPos="794" selMode="0" lang="Normal Text" encoding="936" filename="C:\Users\Administrator\Desktop\SPring.txt" backupFilePath="" originalFileLastModifTimestamp="1497897447" />
            <File firstVisibleLine="309" xOffset="0" scrollWidth="3206" startPos="15990" endPos="0" selMode="0" lang="Normal Text" encoding="936" filename="G:\JAVA&#x89C6;&#x9891;__\db3\mysql&#x7B14;&#x8BB0;.txt" backupFilePath="" originalFileLastModifTimestamp="1492071300" />
            <File firstVisibleLine="0" xOffset="0" scrollWidth="1246" startPos="0" endPos="0" selMode="0" lang="Normal Text" encoding="936" filename="D:\computer\adobe\adobe 2017 &#x5168;&#x7CFB;&#x5217;&#x7834;&#x89E3;&#x8865;&#x4E01;\amtemu.v0.9.2-painter\&#x7834;&#x89E3;&#x65B9;&#x6CD5;&#x65B9;&#x6CD5;.txt" backupFilePath="" originalFileLastModifTimestamp="1495857457" />
        </mainView>
        <subView activeIndex="0" />
    </Session>
</NotepadPlus>
